{
  "Compatibility": "Compatible",
  "Contributors": {
    "Developer": [ "That one kid" ],
    "Twitch Plays": [ "eXish" ]
  },
  "DefuserDifficulty": "VeryEasy",
  "Description": "When you wonder about if the year is even or not, it's because it came from this boring module. Tags: 2-displays, 2-buttons, green-background",
  "ExpertDifficulty": "Easy",
  "ModuleID": "years",
  "Name": "The Year",
  "Origin": "Mods",
  "Published": "2022-02-14",
  "SortKey": "YEAR",
  "SourceUrl": "https://github.com/Kbushra/ktaneYears",
  "SteamID": "2753774154",
  "Symbol": "Tyr",
  "Type": "Regular"
}