{
  "Author": "That One Kid",
  "Compatibility": "Compatible",
  "DefuserDifficulty": "Easy",
  "Description": "When you wonder about if the years even or not, it's because it came from this boring module. Tags: Even-Or-Odd, Year, Date, Calculations",
  "ExpertDifficulty": "Medium",
  "ModuleID": "years",
  "Name": "The Year",
  "Origin": "Mods",
  "Published": "2022-02-14",
  "SortKey": "YEAR",
  "SourceUrl": "https://github.com/Kbushra/ktaneYears",
  "SteamID": "2753774154",
  "Symbol": "Tyr",
  "Type": "Regular"
}